{
  "inputs": {
    "WTI_spot": 78.94,
    "KRW_spot": 1540.64,
    "r_US": 0.04,
    "r_KRW": 0.035,
    "Monthly_Oil_Need": 2000000,
    "Monthly_USD_Need": 157880000,
    "WACC": 0.07,
    "Max_Budget": 45000000000,
    "Maturity_Oil": 0.833,
    "Maturity_FX": 0.5,
    "Stress_WTI": 113,
    "Stress_KRW": 1550,
    "sigma_WTI_hist": 0.39454843259416816,
    "sigma_FX": 0.09257650229436072,
    "rho": 0.08763086561435483,
    "sigma_WTI_diff": 0.3241851967428078,
    "Black76_call": 12.652449707035759,
    "GK_call": 84.66718227697629,
    "LSMC_WTI_shapley": 15093.752730309929,
    "LSMC_FX_shapley": 2038.7180640382815
  },
  "european": {
    "w1": 0.9705718328887274,
    "w2": 0.02933295044318607,
    "w_sum": 0.9999047833319135,
    "total_cost": 44992258878.49358,
    "gmvp": 0.09161148937734419
  },
  "american": {
    "w1": 0.9613039027638894,
    "w2": 0.03801985182681555,
    "w_sum": 0.999323754590705,
    "total_cost": 44838824617.08443,
    "gmvp": 0.09101799997657316
  },
  "pricing": {
    "eu_hedge_wti": 40044822036.34873,
    "eu_hedge_fx": 405824556.51552075,
    "eu_hedge_total": 40450646592.86425,
    "eu_unhedged_wti": 3107202452.61083,
    "eu_unhedged_fx": 1434409833.0185034,
    "eu_unhedged_total": 4541612285.6293335,
    "eu_total": 44992258878.49358,
    "am_hedge_wti": 30761792856.647503,
    "am_hedge_fx": 12673454663.068745,
    "am_hedge_total": 43435247519.71625,
    "am_unhedged_wti": -17995608.059739817,
    "am_unhedged_fx": 1421572705.4279156,
    "am_unhedged_total": 1403577097.3681757,
    "am_total": 44838824617.08443
  },
  "formulas": {
    "Encoding!C24": "=SQRT((((1-C21)^2)*(Raw_Timeseries!H2^2))+(((1-Encoding!C22)^2)*(Raw_Timeseries!I2^2))+(2*(1-Encoding!C21)*(1-Encoding!C22)*Raw_Timeseries!H2*Raw_Timeseries!I2*Raw_Timeseries!J2))",
    "LSMC!J15": "=SQRT((((1-J13)^2)*B10^2)+(((1-J14)^2)*B11^2)+2*(1-(J13))*(1-(J14))*B10*B11*B12)",
    "Pricing!C1": "=Encoding!$C$21*(Encoding!B9)*Black76!B11*Encoding!B3*(1+Encoding!B12*Encoding!B15)",
    "Pricing!C2": "=Encoding!$C$22*(Encoding!B10)*GK!B12*(1+Encoding!B12*Encoding!B16)",
    "Pricing!C5": "=(1-Encoding!C21)*Encoding!B9*(MAX(0,Encoding!B18-Encoding!B2))*Encoding!B19",
    "Pricing!C6": "=(1-Encoding!C22)*Encoding!B10*(MAX(0,Encoding!B19-Encoding!B3))",
    "Pricing!C9": "=C3+C7",
    "Pricing!C11": "=LSMC!J9*Encoding!B9*LSMC!J13*EXP(Encoding!B12*Encoding!B15)",
    "Pricing!C12": "=LSMC!J14*LSMC!J10*Encoding!B10*EXP(Encoding!B16*Encoding!B12)",
    "Pricing!C15": "=(1-(LSMC!J13)*Encoding!B9*MAX(0,(Encoding!B19-Encoding!B3)))",
    "Pricing!C16": "=(1-(LSMC!J14))*Encoding!B10*MAX((Encoding!B19-Encoding!B3),0)",
    "Pricing!C19": "=C17+C13",
    "Raw_Timeseries!H2": "=_xlfn.STDEV.S(F:F)*SQRT(252)",
    "Raw_Timeseries!I2": "=_xlfn.STDEV.S(G:G)*SQRT(252)",
    "Raw_Timeseries!J2": "=CORREL(F3:F1302,G3:G1302)"
  },
  "solver": {
    "Encoding": {
      "solver_adj": "Encoding!$C$21:$C$22",
      "solver_cvg": "0.0001",
      "solver_drv": "1",
      "solver_eng": "3",
      "solver_itr": "2147483647",
      "solver_lhs1": "Encoding!$C$21",
      "solver_lhs2": "Encoding!$C$21",
      "solver_lhs3": "Encoding!$C$22",
      "solver_lhs4": "Encoding!$C$22",
      "solver_lhs5": "Encoding!$C$23",
      "solver_lhs6": "Encoding!$D$21",
      "solver_lhs7": "Encoding!$D$21",
      "solver_lhs8": "Encoding!$D$21",
      "solver_lin": "2",
      "solver_mip": "2147483647",
      "solver_mni": "30",
      "solver_mrt": "0.075",
      "solver_msl": "2",
      "solver_neg": "2",
      "solver_nod": "2147483647",
      "solver_num": "7",
      "solver_opt": "Encoding!$C$24",
      "solver_pre": "0.000001",
      "solver_rbv": "1",
      "solver_rel1": "1",
      "solver_rel2": "3",
      "solver_rel3": "1",
      "solver_rel4": "3",
      "solver_rel5": "1",
      "solver_rel6": "1",
      "solver_rel7": "3",
      "solver_rel8": "3",
      "solver_rhs1": "1",
      "solver_rhs2": "0",
      "solver_rhs3": "1",
      "solver_rhs4": "0",
      "solver_rhs5": "Encoding!$B$13",
      "solver_rhs6": "1",
      "solver_rhs7": "0",
      "solver_rhs8": "0",
      "solver_rlx": "1",
      "solver_rsd": "0",
      "solver_scl": "2",
      "solver_sho": "2",
      "solver_ssz": "10000",
      "solver_tim": "2147483647",
      "solver_tol": "0.01",
      "solver_typ": "2",
      "solver_val": "0",
      "solver_ver": "2"
    },
    "LSMC": {
      "solver_adj": "LSMC!$J$13:$J$14",
      "solver_cvg": "0.0001",
      "solver_drv": "1",
      "solver_eng": "3",
      "solver_itr": "2147483647",
      "solver_lhs1": "LSMC!$J$13",
      "solver_lhs2": "LSMC!$J$13",
      "solver_lhs3": "LSMC!$J$14",
      "solver_lhs4": "LSMC!$J$14",
      "solver_lhs5": "LSMC!$K$13",
      "solver_lhs6": "LSMC!$K$13",
      "solver_lhs7": "LSMC!$M$2",
      "solver_lin": "2",
      "solver_mip": "2147483647",
      "solver_mni": "30",
      "solver_mrt": "0.075",
      "solver_msl": "2",
      "solver_neg": "1",
      "solver_nod": "2147483647",
      "solver_num": "7",
      "solver_opt": "LSMC!$J$15",
      "solver_pre": "0.000001",
      "solver_rbv": "1",
      "solver_rel1": "1",
      "solver_rel2": "3",
      "solver_rel3": "1",
      "solver_rel4": "3",
      "solver_rel5": "1",
      "solver_rel6": "3",
      "solver_rel7": "1",
      "solver_rhs1": "1",
      "solver_rhs2": "0",
      "solver_rhs3": "1",
      "solver_rhs4": "0",
      "solver_rhs5": "1",
      "solver_rhs6": "0",
      "solver_rhs7": "LSMC!$M$1",
      "solver_rlx": "1",
      "solver_rsd": "0",
      "solver_scl": "2",
      "solver_sho": "2",
      "solver_ssz": "10000",
      "solver_tim": "2147483647",
      "solver_tol": "0.01",
      "solver_typ": "2",
      "solver_val": "0",
      "solver_ver": "2"
    },
    "Pricing": {
      "solver_adj": "Pricing!#REF!",
      "solver_cvg": "0.0001",
      "solver_drv": "1",
      "solver_eng": "1",
      "solver_itr": "2147483647",
      "solver_lhs1": "Pricing!#REF!",
      "solver_lhs2": "Pricing!#REF!",
      "solver_lhs3": "Pricing!$C$9",
      "solver_lin": "2",
      "solver_mip": "2147483647",
      "solver_mni": "30",
      "solver_mrt": "0.075",
      "solver_msl": "2",
      "solver_neg": "1",
      "solver_nod": "2147483647",
      "solver_num": "3",
      "solver_opt": "Pricing!$C$9",
      "solver_pre": "0.000001",
      "solver_rbv": "1",
      "solver_rel1": "1",
      "solver_rel2": "3",
      "solver_rel3": "1",
      "solver_rhs1": "Pricing!#REF!",
      "solver_rhs2": "0",
      "solver_rhs3": "Encoding!$B$13",
      "solver_rlx": "1",
      "solver_rsd": "0",
      "solver_scl": "2",
      "solver_sho": "2",
      "solver_ssz": "100",
      "solver_tim": "2147483647",
      "solver_tol": "0.01",
      "solver_typ": "2",
      "solver_val": "0",
      "solver_ver": "2"
    }
  },
  "crosscheck": {
    "eu_gmvp": {
      "recomputed": 0.09161148937734419,
      "stored": 0.09161148937734419,
      "rel_err": 0.0
    },
    "am_gmvp": {
      "recomputed": 0.09101799997657316,
      "stored": 0.09101799997657316,
      "rel_err": 0.0
    },
    "eu_cost": {
      "recomputed": 44992258878.49358,
      "stored": 44992258878.49358,
      "rel_err": 0.0
    },
    "am_cost": {
      "recomputed": 44838824617.08443,
      "stored": 44838824617.08443,
      "rel_err": 0.0
    }
  },
  "budget_utilization": {
    "european": 0.9998279750776352,
    "american": 0.9964183248240984
  }
}