{
 "sigV": 0.09118258465046196,
 "pfloor": 0.04217873138843275,
 "pcross": 0.061606451104299735,
 "pstar": 0.08304153202129085,
 "pstar_shapley": 0.10912594942341972,
 "curve": [
  [
   0.0,
   0.09080135425590946
  ],
  [
   0.0015,
   0.09080135425590946
  ],
  [
   0.003,
   0.09080135425590946
  ],
  [
   0.0045000000000000005,
   0.09080135425590946
  ],
  [
   0.006,
   0.09080135425590946
  ],
  [
   0.0075,
   0.09080135425590946
  ],
  [
   0.009000000000000001,
   0.09080135425590946
  ],
  [
   0.0105,
   0.09080135425590946
  ],
  [
   0.012,
   0.09080135425590946
  ],
  [
   0.0135,
   0.09080135425590946
  ],
  [
   0.015,
   0.09080135425590946
  ],
  [
   0.0165,
   0.09080135425590946
  ],
  [
   0.018000000000000002,
   0.09080135425590946
  ],
  [
   0.0195,
   0.09080135425590946
  ],
  [
   0.021,
   0.09080135425590946
  ],
  [
   0.0225,
   0.09080135425590946
  ],
  [
   0.024,
   0.09080135425590946
  ],
  [
   0.025500000000000002,
   0.09080135425590946
  ],
  [
   0.027,
   0.09080135425590946
  ],
  [
   0.0285,
   0.09080135425590946
  ],
  [
   0.03,
   0.09080135425590946
  ],
  [
   0.0315,
   0.09080135425590946
  ],
  [
   0.033,
   0.09080135425590946
  ],
  [
   0.0345,
   0.09080135425590946
  ],
  [
   0.036000000000000004,
   0.09080135425590946
  ],
  [
   0.0375,
   0.09080135425590946
  ],
  [
   0.039,
   0.09080135425590946
  ],
  [
   0.0405,
   0.09080135425590946
  ],
  [
   0.042,
   0.09080135425590946
  ],
  [
   0.043500000000000004,
   0.09080307492385871
  ],
  [
   0.045,
   0.0908090808208133
  ],
  [
   0.0465,
   0.0908197251099981
  ],
  [
   0.048,
   0.0908344604219844
  ],
  [
   0.0495,
   0.09085406008207542
  ],
  [
   0.051000000000000004,
   0.09087819154302654
  ],
  [
   0.0525,
   0.09090685119590272
  ],
  [
   0.054,
   0.09094003475953982
  ],
  [
   0.0555,
   0.09097773728373305
  ],
  [
   0.057,
   0.0910210949038693
  ],
  [
   0.0585,
   0.09106919350576348
  ],
  [
   0.06,
   0.09112064715528384
  ],
  [
   0.0615,
   0.09117808645232042
  ],
  [
   0.063,
   0.09124185652989487
  ],
  [
   0.0645,
   0.0913088368097637
  ],
  [
   0.066,
   0.09138051339395058
  ],
  [
   0.0675,
   0.09145884421681122
  ],
  [
   0.069,
   0.09154208485447123
  ],
  [
   0.07050000000000001,
   0.09163022192610247
  ],
  [
   0.07200000000000001,
   0.09172324131672231
  ],
  [
   0.0735,
   0.09182112818823275
  ],
  [
   0.075,
   0.09192643329290726
  ],
  [
   0.0765,
   0.09203681241517818
  ],
  [
   0.078,
   0.09214944026099604
  ],
  [
   0.0795,
   0.09227271903936267
  ],
  [
   0.081,
   0.09239820786517593
  ],
  [
   0.0825,
   0.09252869338681523
  ],
  [
   0.084,
   null
  ],
  [
   0.0855,
   null
  ],
  [
   0.08700000000000001,
   null
  ],
  [
   0.0885,
   null
  ],
  [
   0.09,
   null
  ],
  [
   0.0915,
   null
  ],
  [
   0.093,
   null
  ],
  [
   0.0945,
   null
  ],
  [
   0.096,
   null
  ],
  [
   0.0975,
   null
  ],
  [
   0.099,
   null
  ],
  [
   0.1005,
   null
  ],
  [
   0.10200000000000001,
   null
  ],
  [
   0.10350000000000001,
   null
  ],
  [
   0.105,
   null
  ],
  [
   0.1065,
   null
  ],
  [
   0.108,
   null
  ],
  [
   0.1095,
   null
  ],
  [
   0.111,
   null
  ],
  [
   0.1125,
   null
  ],
  [
   0.114,
   null
  ],
  [
   0.1155,
   null
  ],
  [
   0.117,
   null
  ],
  [
   0.11850000000000001,
   null
  ],
  [
   0.12,
   null
  ],
  [
   0.1215,
   null
  ],
  [
   0.123,
   null
  ],
  [
   0.1245,
   null
  ],
  [
   0.126,
   null
  ],
  [
   0.1275,
   null
  ],
  [
   0.129,
   null
  ],
  [
   0.1305,
   null
  ],
  [
   0.132,
   null
  ],
  [
   0.1335,
   null
  ],
  [
   0.135,
   null
  ],
  [
   0.1365,
   null
  ],
  [
   0.138,
   null
  ],
  [
   0.1395,
   null
  ],
  [
   0.14100000000000001,
   null
  ],
  [
   0.14250000000000002,
   null
  ],
  [
   0.14400000000000002,
   null
  ],
  [
   0.1455,
   null
  ],
  [
   0.147,
   null
  ],
  [
   0.1485,
   null
  ],
  [
   0.15,
   null
  ]
 ],
 "pm": 0.8925,
 "minatt_at_pm": 127713332504.1788,
 "adopted_adj_at_pm": 126804466173.75021
}