{
 "sigV": 0.09160218120380556,
 "pfloor": 0.03902543512092584,
 "pcross": 0.042413389825342256,
 "pstar": 0.06384847074233337,
 "pstar_shapley": 0.10912594942341972,
 "curve": [
  [
   0.0,
   0.0915845789529101
  ],
  [
   0.0015,
   0.0915845789529101
  ],
  [
   0.003,
   0.0915845789529101
  ],
  [
   0.0045000000000000005,
   0.0915845789529101
  ],
  [
   0.006,
   0.0915845789529101
  ],
  [
   0.0075,
   0.0915845789529101
  ],
  [
   0.009000000000000001,
   0.0915845789529101
  ],
  [
   0.0105,
   0.0915845789529101
  ],
  [
   0.012,
   0.0915845789529101
  ],
  [
   0.0135,
   0.0915845789529101
  ],
  [
   0.015,
   0.0915845789529101
  ],
  [
   0.0165,
   0.0915845789529101
  ],
  [
   0.018000000000000002,
   0.0915845789529101
  ],
  [
   0.0195,
   0.0915845789529101
  ],
  [
   0.021,
   0.0915845789529101
  ],
  [
   0.0225,
   0.0915845789529101
  ],
  [
   0.024,
   0.0915845789529101
  ],
  [
   0.025500000000000002,
   0.0915845789529101
  ],
  [
   0.027,
   0.0915845789529101
  ],
  [
   0.0285,
   0.0915845789529101
  ],
  [
   0.03,
   0.0915845789529101
  ],
  [
   0.0315,
   0.0915845789529101
  ],
  [
   0.033,
   0.0915845789529101
  ],
  [
   0.0345,
   0.0915845789529101
  ],
  [
   0.036000000000000004,
   0.0915845789529101
  ],
  [
   0.0375,
   0.0915845789529101
  ],
  [
   0.039,
   0.0915845789529101
  ],
  [
   0.0405,
   0.0915879224523897
  ],
  [
   0.042,
   0.09159815824749666
  ],
  [
   0.043500000000000004,
   0.09161528446584795
  ],
  [
   0.045,
   0.09163998575421123
  ],
  [
   0.0465,
   0.09167105162691966
  ],
  [
   0.048,
   0.0917100279995918
  ],
  [
   0.0495,
   0.09175500486059483
  ],
  [
   0.051000000000000004,
   0.09180822040697155
  ],
  [
   0.0525,
   0.09187018862283179
  ],
  [
   0.054,
   0.09193794415927158
  ],
  [
   0.0555,
   0.0920128589774631
  ],
  [
   0.057,
   0.09209700604941147
  ],
  [
   0.0585,
   0.09218862703245823
  ],
  [
   0.06,
   0.09228769966685474
  ],
  [
   0.0615,
   0.09239419998179002
  ],
  [
   0.063,
   0.09250810232382872
  ],
  [
   0.0645,
   null
  ],
  [
   0.066,
   null
  ],
  [
   0.0675,
   null
  ],
  [
   0.069,
   null
  ],
  [
   0.07050000000000001,
   null
  ],
  [
   0.07200000000000001,
   null
  ],
  [
   0.0735,
   null
  ],
  [
   0.075,
   null
  ],
  [
   0.0765,
   null
  ],
  [
   0.078,
   null
  ],
  [
   0.0795,
   null
  ],
  [
   0.081,
   null
  ],
  [
   0.0825,
   null
  ],
  [
   0.084,
   null
  ],
  [
   0.0855,
   null
  ],
  [
   0.08700000000000001,
   null
  ],
  [
   0.0885,
   null
  ],
  [
   0.09,
   null
  ],
  [
   0.0915,
   null
  ],
  [
   0.093,
   null
  ],
  [
   0.0945,
   null
  ],
  [
   0.096,
   null
  ],
  [
   0.0975,
   null
  ],
  [
   0.099,
   null
  ],
  [
   0.1005,
   null
  ],
  [
   0.10200000000000001,
   null
  ],
  [
   0.10350000000000001,
   null
  ],
  [
   0.105,
   null
  ],
  [
   0.1065,
   null
  ],
  [
   0.108,
   null
  ],
  [
   0.1095,
   null
  ],
  [
   0.111,
   null
  ],
  [
   0.1125,
   null
  ],
  [
   0.114,
   null
  ],
  [
   0.1155,
   null
  ],
  [
   0.117,
   null
  ],
  [
   0.11850000000000001,
   null
  ],
  [
   0.12,
   null
  ],
  [
   0.1215,
   null
  ],
  [
   0.123,
   null
  ],
  [
   0.1245,
   null
  ],
  [
   0.126,
   null
  ],
  [
   0.1275,
   null
  ],
  [
   0.129,
   null
  ],
  [
   0.1305,
   null
  ],
  [
   0.132,
   null
  ],
  [
   0.1335,
   null
  ],
  [
   0.135,
   null
  ],
  [
   0.1365,
   null
  ],
  [
   0.138,
   null
  ],
  [
   0.1395,
   null
  ],
  [
   0.14100000000000001,
   null
  ],
  [
   0.14250000000000002,
   null
  ],
  [
   0.14400000000000002,
   null
  ],
  [
   0.1455,
   null
  ],
  [
   0.147,
   null
  ],
  [
   0.1485,
   null
  ],
  [
   0.15,
   null
  ]
 ],
 "pm": 0.8925,
 "minatt_at_pm": 127713332504.1788,
 "adopted_adj_at_pm": 127149086261.21477
}