{
 "pko_stress": 0.841294,
 "pko_se2": 0.0010335120920976204,
 "sigV": 0.09118217057335352,
 "curve": [
  [
   0.0,
   0.09080135425299883,
   0.09080135425299883,
   "KO"
  ],
  [
   0.02,
   0.09080135425299882,
   0.09080135425299882,
   "KO"
  ],
  [
   0.04,
   0.0908013542529988,
   0.0908013542529988,
   "KO"
  ],
  [
   0.06,
   0.09080135425299882,
   0.09080135425299882,
   "KO"
  ],
  [
   0.0877,
   0.09118253745983239,
   0.09118217057335352,
   "VANILLA"
  ],
  [
   0.1,
   0.09184910548543745,
   0.09118217057335352,
   "VANILLA"
  ],
  [
   0.10913,
   null,
   0.09118217057335352,
   "VANILLA"
  ],
  [
   0.12,
   null,
   0.09118217057335352,
   "VANILLA"
  ],
  [
   0.15,
   null,
   0.09118217057335352,
   "VANILLA"
  ],
  [
   0.2,
   null,
   0.09118217057335352,
   "VANILLA"
  ],
  [
   0.3,
   null,
   0.09118217057335352,
   "VANILLA"
  ],
  [
   0.5,
   null,
   0.09118217057335352,
   "VANILLA"
  ],
  [
   0.8413,
   null,
   0.09118217057335352,
   "VANILLA"
  ],
  [
   0.9,
   null,
   0.09118217057335352,
   "VANILLA"
  ]
 ]
}