{
 "K_fix": 1563.62,
 "U_b": 1925.7999993282997,
 "legs_b": {
  "put_ko": 3.005404469968859,
  "call_ki": 4.175896335246188,
  "put_vanilla": 71.44923712657608,
  "call_vanilla": 41.677828456812115
 },
 "n_c": 0.07535012472665169,
 "legs_c": {
  "put_ko": 3.005404469968859,
  "call_ki": 39.88585925864876,
  "put_vanilla": 71.44923712657608,
  "call_vanilla": 41.677828456812115
 }
}