{
 "meta": {
  "sigma": 0.09258,
  "r_usd": 0.04,
  "r_krw": 0.035,
  "s0": 1540.64,
  "T": 1.0,
  "steps": 260,
  "seed": 20080915,
  "K": 1563.62,
  "F": 1532.9560259434143,
  "L": 1463.608,
  "U": 1648.4848000000002,
  "leverage": 2.0
 },
 "sold": {
  "put_ko": 3.005404469968859,
  "call_ki": 39.88585925864876,
  "put_vanilla": 71.44923712657608,
  "margin_per_usd": 76.76631404732865,
  "margin_pct_notional": 4.982754832233919,
  "put_discount": 0.9579365072205792,
  "fair_leverage": 0.07535012472665169
 },
 "fair_geometries": {
  "K_star_pct_over_F": 9.81,
  "U_star_bound": "beyond +25% (solver hit bound)"
 },
 "trap": {
  "p_ki": 0.43146862114800344,
  "p_ki_given_5": 0.9678473344137167,
  "p_ki_given_10": 1.0
 },
 "mortality": {
  "frac": [
   0.92,
   0.94,
   0.95,
   0.96,
   0.97,
   0.98,
   1.0
  ],
  "p": [
   1.0,
   1.0,
   1.0,
   0.9933046981496169,
   0.9759499618979226,
   0.9532125875930534,
   0.8976242763647938
  ]
 },
 "delta": {
  "grid": [
   1355.8,
   1371.2,
   1386.6,
   1402.0,
   1417.4,
   1432.8,
   1448.2,
   1463.6,
   1479.0,
   1494.4,
   1509.8,
   1525.2,
   1540.6,
   1556.0,
   1571.5,
   1586.9,
   1602.3,
   1617.7,
   1633.1,
   1648.5,
   1663.9,
   1679.3,
   1694.7,
   1710.1,
   1725.5,
   1740.9,
   1756.3,
   1771.7,
   1787.1,
   1802.5,
   1818.0
  ],
  "value": [
   -4.5074648617802815,
   -6.230708048338029,
   -8.48927588632228,
   -11.291005608686836,
   -14.747469032749109,
   -18.965918075734667,
   -24.165791601427056,
   -30.290727987144887,
   -37.02340321919344,
   -44.86868571428446,
   -53.95999263109714,
   -64.40940425608038,
   -76.28791734697707,
   -89.63048847903424,
   -104.64678836195242,
   -120.81740808929224,
   -138.34680307710906,
   -157.19212158731756,
   -177.34755320324146,
   -198.71600485530806,
   -220.5283859691378,
   -243.25875663194674,
   -266.9482860927545,
   -291.39123452839783,
   -316.58382578002573,
   -342.4180358218724,
   -368.82365889117125,
   -395.7440494775732,
   -423.11560822446637,
   -450.85329750690806,
   -479.0890214773576
  ],
  "delta": [
   -0.11189890821803486,
   -0.12927957871889648,
   -0.16429537533600022,
   -0.20318808916970105,
   -0.24918546970934585,
   -0.305789693788245,
   -0.3676886334873457,
   -0.41745492265475315,
   -0.4733103158162171,
   -0.5498892666202511,
   -0.6344389136946731,
   -0.724932620645454,
   -0.818866370875126,
   -0.9174314476756642,
   -1.0095483585882867,
   -1.0941563219206718,
   -1.1809971914943298,
   -1.2662581209783266,
   -1.3481780281815112,
   -1.4019750898018204,
   -1.446193239501258,
   -1.5071396144031421,
   -1.5627427888458172,
   -1.6115434963399764,
   -1.656714327710203,
   -1.6960984776345978,
   -1.7313640797305467,
   -1.7627256277043877,
   -1.7892612996537327,
   -1.8113709436007053,
   -1.8216596109967456
  ],
  "at_spot": -0.818866370875126,
  "at_12pct": -1.656714327710203
 },
 "ladder": [
  {
   "stress": 0.1,
   "oper": 154.06400000000002,
   "pkg": -262.1680000000006,
   "net1": -108.10400000000055,
   "net25": -501.3560000000014
  },
  {
   "stress": 0.25,
   "oper": 385.16,
   "pkg": -724.3600000000006,
   "net1": -339.20000000000056,
   "net25": -1425.7400000000014
  },
  {
   "stress": 0.5,
   "oper": 770.32,
   "pkg": -1494.6800000000003,
   "net1": -724.3600000000002,
   "net25": -2966.3800000000006
  }
 ]
}