{"pko_grid":{"S0":[60.0,62.5,65.0,67.5,70.0,72.5,75.0,77.5,78.94,80.0,82.5,85.0,87.5,90.0,92.5,95.0,97.5,100.0,102.5,105.0,107.5,110.0,112.5,113.0,115.0,117.5,118.0,119.0],"pko":[0.61192,0.55615,0.51094,0.47906,0.45862,0.4457,0.44124,0.44648,0.45239,0.4569,0.47477,0.49765,0.52189,0.55239,0.58324,0.61974,0.65616,0.69591,0.73214,0.77025,0.80949,0.8477,0.88693,0.89438,0.92545,0.96282,0.97078,0.98541]},"ko_value_grid":{"S0":[55.0,57.0,59.0,61.0,63.0,65.0,67.0,69.0,71.0,73.0,75.0,77.0,79.0,81.0,83.0,85.0,87.0,89.0,91.0,93.0,95.0,97.0,99.0,101.0,103.0,105.0,107.0,109.0,111.0,113.0,115.0,117.0,119.0],"V":[0.86216,1.15837,1.44855,1.72907,2.00336,2.26525,2.49118,2.71148,2.90961,3.0717,3.21138,3.33866,3.42927,3.48039,3.51577,3.50506,3.47955,3.42192,3.33449,3.20276,3.04976,2.88402,2.69915,2.5026,2.28513,2.04341,1.79891,1.5346,1.27987,0.99672,0.71354,0.42611,0.13949],"delta":[0.1481,0.1466,0.14268,0.1387,0.13404,0.12196,0.11156,0.10461,0.09005,0.07544,0.06674,0.05447,0.03543,0.02163,0.00617,-0.00905,-0.02078,-0.03626,-0.05479,-0.07118,-0.07969,-0.08765,-0.09535,-0.1035,-0.1148,-0.12156,-0.1272,-0.12976,-0.13447,-0.14158,-0.14265,-0.14351,-0.14331]},"cstar":{"varA":596.9152,"cov":-585.6508,"varB":4099.0824,"cstar_production_fit":0.1429,"cstar_exact_engine":-0.548,"sd_at_1_exact":51.9,"sd_at_cstar_exact":48.76,"sweep":{"c":[0.5,0.75,1.0,1.25,1.5],"mean_bn":[-43.617,-49.682,-55.747,-61.813,-67.878],"sd_bn":[32.187,44.991,59.369,74.415,89.794]}},"calib":{"S1_0":78.94,"S2_0":1540.64,"K":78.94,"sig1_raw":0.39455,"sig1_diff":0.3241851967428078,"sig2":0.09258,"rho":0.08763,"r_US":0.04,"r_KRW":0.035,"r_w":0.07,"lam":6.784615384615385,"thJ":-0.029895127380394192,"dlJ":0.08442936299651074,"mu1_P":0.139,"mu2_P":0.0239,"U":120.0,"L":50.0,"T1":0.833,"T2":0.5,"nstep":217,"Q_oil":2000000,"Q_usd":157880000,"B":45000000000.0,"stress_WTI":113.0,"stress_KRW":1550.0,"P_B76":12.6524,"P_GK":84.667,"P_Sh_WTI":15093.75,"P_Sh_FX":2038.72,"P_K_standalone":17377.11,"base_quanto_premium":17132.47,"pko_stress_paper":0.8925,"pstar_shapley":0.10913,"pstar_standalone":0.08304,"pbar":0.06161,"A_FV0":34264941589},"esg":{"event_study":{"-3":0.0002529208139597373,"-2":-0.00028888046143833853,"0":0.026193109536460032,"1":0.05184906497744588,"2":0.07789561686603075,"3":0.07703653678818966,"4":0.07723452811993399},"true_att":0.06214046165411863,"att_cs":0.06219483349514857,"att_twfe":0.054933790015202856,"hsub":{"exogenous_naive":0.13914896011883315,"exogenous_controlled":0.16988356195753337,"confounded_naive":-1.7082325699082201,"confounded_controlled":0.16988356195753376,"exogenous_positive":true,"confound_flips_naive":true,"control_restores_positive":true},"params":{"sigma_f":0.3,"sigma_c":0.15,"rho":0.2,"p_f":0.03,"p_c":0.02,"phi":0.15,"lam":0.6,"k":1.0,"a":0.05},"equilibrium":{"h_f":0.8212795619909623,"h_c":0.4475913734266104,"d":0.06477228176132034,"R":0.011517764398249536}},"_meta":{"npaths":200000,"nsteps":217,"seed":20260713,"runtime_s":174.3,"note":"offline 200k-path surfaces; browser interpolates"}}